<component name="InspectionProjectProfileManager">
  <profile version="1.0">
    <option name="myName" value="Project Default" />
    <inspection_tool class="LoggerInitializedWithForeignClass" enabled="false" level="WARNING" enabled_by_default="false">
      <option name="loggerClassName" value="org.apache.log4j.Logger,org.slf4j.LoggerFactory,org.apache.commons.logging.LogFactory,java.util.logging.Logger" />
      <option name="loggerFactoryMethodName" value="getLogger,getLogger,getLog,getLogger" />
    </inspection_tool>
    <inspection_tool class="PhpAssignmentInConditionInspection" enabled="true" level="WEAK WARNING" enabled_by_default="true" />
    <inspection_tool class="PhpAssignmentReplaceableWithOperatorAssignmentInspection" enabled="true" level="WEAK WARNING" enabled_by_default="true" />
    <inspection_tool class="PhpAssignmentReplaceableWithPrefixExpressionInspection" enabled="true" level="WEAK WARNING" enabled_by_default="true" />
    <inspection_tool class="PhpCompoundNamespaceDepthInspection" enabled="true" level="WEAK WARNING" enabled_by_default="true" />
    <inspection_tool class="PhpDivisionByZeroInspection" enabled="true" level="WARNING" enabled_by_default="true" />
    <inspection_tool class="PhpDocSignatureInspection" enabled="true" level="WEAK WARNING" enabled_by_default="true">
      <option name="ALLOW_MISSING_PARAMETERS" value="true" />
    </inspection_tool>
    <inspection_tool class="PhpFieldCanBePromotedInspection" enabled="true" level="WEAK WARNING" enabled_by_default="true" />
    <inspection_tool class="PhpIncompatibleReturnTypeInspection" enabled="true" level="WARNING" enabled_by_default="true">
      <option name="STRICT_TYPE_CHECKING" value="true" />
    </inspection_tool>
    <inspection_tool class="PhpLongTypeFormInspection" enabled="true" level="WEAK WARNING" enabled_by_default="true" />
    <inspection_tool class="PhpMethodOrClassCallIsNotCaseSensitiveInspection" enabled="true" level="WARNING" enabled_by_default="true" />
    <inspection_tool class="PhpMissingStrictTypesDeclarationInspection" enabled="true" level="WARNING" enabled_by_default="true" />
    <inspection_tool class="PhpMissingVisibilityInspection" enabled="true" level="WEAK WARNING" enabled_by_default="true" />
    <inspection_tool class="PhpModifierOrderInspection" enabled="true" level="WEAK WARNING" enabled_by_default="true" />
    <inspection_tool class="PhpMultipleClassDeclarationsInspection" enabled="false" level="WEAK WARNING" enabled_by_default="false" />
    <inspection_tool class="PhpNewClassMissingParameterListInspection" enabled="true" level="WEAK WARNING" enabled_by_default="true" />
    <inspection_tool class="PhpOverridingMethodVisibilityInspection" enabled="true" level="WEAK WARNING" enabled_by_default="true" />
    <inspection_tool class="PhpSeparateElseIfInspection" enabled="true" level="WEAK WARNING" enabled_by_default="true" />
    <inspection_tool class="PhpShortOpenTagInspection" enabled="true" level="WARNING" enabled_by_default="true" />
    <inspection_tool class="PhpStaticAsDynamicMethodCallInspection" enabled="true" level="WEAK WARNING" enabled_by_default="true" />
    <inspection_tool class="PhpStrictTypeCheckingInspection" enabled="true" level="ERROR" enabled_by_default="true">
      <option name="ENABLE_WITHOUT_DECLARE_STRICT_DIRECTIVE" value="true" />
    </inspection_tool>
    <inspection_tool class="PhpSwitchCaseWithoutDefaultBranchInspection" enabled="true" level="WEAK WARNING" enabled_by_default="true" />
    <inspection_tool class="PhpTooManyParametersInspection" enabled="true" level="WARNING" enabled_by_default="true" />
    <inspection_tool class="PhpTraditionalSyntaxArrayLiteralInspection" enabled="true" level="WARNING" enabled_by_default="true" />
    <inspection_tool class="PhpTraitsUseListInspection" enabled="true" level="WEAK WARNING" enabled_by_default="true" />
    <inspection_tool class="PhpUndefinedCallbackInspection" enabled="true" level="WARNING" enabled_by_default="true" />
    <inspection_tool class="PhpUndefinedClassConstantInspection" enabled="true" level="WARNING" enabled_by_default="true">
      <option name="DOWNGRADE_SEVERITY" value="true" />
      <option name="WARN_ON_MIXED" value="true" />
    </inspection_tool>
    <inspection_tool class="PhpUndefinedClassInspection" enabled="true" level="WARNING" enabled_by_default="true">
      <option name="DONT_REPORT_MULTI_RESOLVE" value="true" />
    </inspection_tool>
    <inspection_tool class="PhpUndefinedFieldInspection" enabled="true" level="WARNING" enabled_by_default="true">
      <option name="WARN_ON_MIXED" value="true" />
    </inspection_tool>
    <inspection_tool class="PhpUndefinedMethodInspection" enabled="true" level="WARNING" enabled_by_default="true">
      <option name="DOWNGRADE_SEVERITY" value="true" />
      <option name="WARN_ON_MIXED" value="true" />
    </inspection_tool>
    <inspection_tool class="PhpUnnecessaryDoubleQuotesInspection" enabled="true" level="WEAK WARNING" enabled_by_default="true" />
    <inspection_tool class="PhpUnnecessaryParenthesesInspection" enabled="true" level="WEAK WARNING" enabled_by_default="true" />
    <inspection_tool class="PhpUsageOfSilenceOperatorInspection" enabled="true" level="WEAK WARNING" enabled_by_default="true" />
    <inspection_tool class="PhpVarUsageInspection" enabled="true" level="WEAK WARNING" enabled_by_default="true" />
    <inspection_tool class="PhpVariableVariableInspection" enabled="true" level="WEAK WARNING" enabled_by_default="true" />
    <inspection_tool class="SpellCheckingInspection" enabled="false" level="TYPO" enabled_by_default="false">
      <option name="processCode" value="true" />
      <option name="processLiterals" value="true" />
      <option name="processComments" value="true" />
    </inspection_tool>
  </profile>
</component>
